"","incident_key","occur_date","occur_time","boro","precinct","jurisdiction_code","location_desc","statistical_murder_flag","perp_age_group","perp_sex","perp_race","vic_age_group","vic_sex","vic_race","x_coord_cd","y_coord_cd","latitude","longitude"
"1",199134397,"2019-06-30T00:00:00.000","21:35:00","QUEENS",101,0,"","false","","","","25-44","M","WHITE HISPANIC",1051810,158386,40.601159958,-73.7567098769999
"2",199134405,"2019-06-30T00:00:00.000","04:24:00","MANHATTAN",10,2,"MULTI DWELL - PUBLIC HOUS","false","25-44","M","BLACK","25-44","F","BLACK",982756,210140,40.7434704550001,-74.005393004
"3",199134404,"2019-06-30T00:00:00.000","03:33:00","STATEN ISLAND",120,0,"","false","","","","18-24","M","BLACK",961586,167100,40.625306611,-74.081646624
"4",199134399,"2019-06-30T00:00:00.000","01:20:00","BRONX",41,0,"MULTI DWELL - APT BUILD","true","18-24","M","BLACK","18-24","M","WHITE HISPANIC",1011581,235322,40.8125462670001,-73.90126679
"5",199134403,"2019-06-29T00:00:00.000","18:39:00","BROOKLYN",83,0,"","false","45-64","M","BLACK","25-44","M","BLACK",1003824,192762,40.6957505030001,-73.9294132319999
"6",199134401,"2019-06-29T00:00:00.000","06:00:00","BROOKLYN",70,0,"","false","18-24","M","WHITE HISPANIC","18-24","M","WHITE",996021,167201,40.6256050100001,-73.957597203
"7",199134406,"2019-06-29T00:00:00.000","05:48:00","BROOKLYN",69,0,"PVT HOUSE","false","","","","25-44","F","BLACK",1013573,170157,40.6336778950001,-73.8943545019999
"8",199134406,"2019-06-29T00:00:00.000","05:48:00","BROOKLYN",69,0,"PVT HOUSE","false","","","","25-44","M","BLACK",1013573,170157,40.6336778950001,-73.8943545019999
"9",199134398,"2019-06-28T00:00:00.000","17:35:00","BROOKLYN",73,0,"MULTI DWELL - APT BUILD","false","18-24","M","BLACK","25-44","F","BLACK",1008228,183789,40.671110834,-73.913563363
"10",199134398,"2019-06-28T00:00:00.000","17:35:00","BROOKLYN",73,0,"MULTI DWELL - APT BUILD","false","18-24","M","BLACK","25-44","M","BLACK",1008228,183789,40.671110834,-73.913563363
"11",199134402,"2019-06-28T00:00:00.000","12:34:00","BROOKLYN",72,0,"MULTI DWELL - APT BUILD","true","25-44","M","ASIAN / PACIFIC ISLANDER","45-64","M","ASIAN / PACIFIC ISLANDER",982753,172890,40.641227804,-74.005395547
"12",199134400,"2019-06-28T00:00:00.000","04:30:00","QUEENS",110,0,"","false","","","","25-44","M","BLACK",1021509,208334,40.7384350820001,-73.86555106
"13",199061351,"2019-06-28T00:00:00.000","00:26:00","BROOKLYN",83,0,"","false","","","","<18","M","WHITE HISPANIC",1003823,194497,40.7005126760001,-73.9294117969999
"14",199052835,"2019-06-28T00:00:00.000","00:25:00","BRONX",42,2,"MULTI DWELL - PUBLIC HOUS","true","","","","25-44","M","BLACK",1009394,242828,40.8331545990001,-73.9091393109999
"15",199046249,"2019-06-27T00:00:00.000","21:02:00","QUEENS",101,0,"","false","25-44","M","WHITE HISPANIC","25-44","M","WHITE HISPANIC",1053917,159316,40.6036962970001,-73.749112769
"16",199046250,"2019-06-27T00:00:00.000","01:00:00","BRONX",52,0,"","false","","","","18-24","M","BLACK HISPANIC",1009309,252307,40.8591719,-73.90941105
"17",199046251,"2019-06-27T00:00:00.000","00:15:00","BRONX",46,0,"","false","","","","25-44","M","BLACK",1005725,249742,40.852141187,-73.922375722
"18",198998743,"2019-06-26T00:00:00.000","20:45:00","BROOKLYN",81,0,"","false","<18","M","BLACK","<18","M","BLACK",1004471,187274,40.6806857500001,-73.927096477
"19",198998742,"2019-06-26T00:00:00.000","00:36:00","QUEENS",114,2,"MULTI DWELL - PUBLIC HOUS","false","18-24","M","BLACK","25-44","M","UNKNOWN",1009077,214329,40.7549334810001,-73.910390193
"20",198948496,"2019-06-25T00:00:00.000","22:24:00","BROOKLYN",81,0,"PVT HOUSE","false","","","","18-24","M","BLACK",1006938,187372,40.680948759,-73.9182016089999
"21",198948498,"2019-06-25T00:00:00.000","16:48:00","QUEENS",108,0,"PVT HOUSE","false","65+","M","UNKNOWN","45-64","F","WHITE",1009241,212324,40.7494298040001,-73.9098056989999
"22",198948497,"2019-06-25T00:00:00.000","02:55:00","BRONX",42,0,"","false","18-24","M","UNKNOWN","25-44","M","BLACK HISPANIC",1013492,243405,40.8347256800001,-73.894327986
"23",198948495,"2019-06-25T00:00:00.000","01:20:00","QUEENS",109,0,"","false","<18","M","ASIAN / PACIFIC ISLANDER","18-24","M","UNKNOWN",1032807,217854,40.764510215,-73.8247131919999
"24",198948494,"2019-06-25T00:00:00.000","00:01:00","BRONX",48,0,"","false","","","","25-44","M","BLACK",1014015,251634,40.8573101060001,-73.892401466
"25",198900605,"2019-06-24T00:00:00.000","18:55:00","MANHATTAN",32,0,"GROCERY/BODEGA","true","","","","25-44","M","BLACK",1000928,236480,40.8157511860001,-73.9397484149999
"26",198900606,"2019-06-24T00:00:00.000","02:49:00","BRONX",41,0,"","false","","","","25-44","M","BLACK",1014135,236990,40.817116189,-73.892032915
"27",198900607,"2019-06-24T00:00:00.000","00:05:00","BROOKLYN",60,0,"","false","","","","18-24","M","BLACK",985897,148507,40.574301425,-73.994072789
"28",198858232,"2019-06-23T00:00:00.000","23:08:00","BRONX",43,0,"","false","25-44","M","BLACK","25-44","M","WHITE HISPANIC",1019719,243343,40.8345326950001,-73.871825481
"29",198858233,"2019-06-23T00:00:00.000","20:35:00","BRONX",50,0,"","false","18-24","M","BLACK","18-24","M","WHITE HISPANIC",1010218,258831,40.8770756590001,-73.9060996599999
"30",198858231,"2019-06-23T00:00:00.000","16:00:00","BRONX",44,0,"","false","","","","25-44","M","BLACK",1008053,241673,40.8299881730001,-73.913989339
"31",198858231,"2019-06-23T00:00:00.000","16:00:00","BRONX",44,0,"","false","","","","<18","M","BLACK",1008053,241673,40.8299881730001,-73.913989339
"32",198858230,"2019-06-23T00:00:00.000","12:02:00","BROOKLYN",61,0,"","false","18-24","M","BLACK","25-44","M","WHITE HISPANIC",995122,155693,40.5940190590001,-73.960854316
"33",198858229,"2019-06-23T00:00:00.000","02:15:00","BRONX",46,0,"","false","18-24","M","BLACK HISPANIC","18-24","M","WHITE HISPANIC",1011477,250772,40.8549523670001,-73.9015797869999
"34",198858229,"2019-06-23T00:00:00.000","02:15:00","BRONX",46,0,"","false","<18","M","BLACK HISPANIC","18-24","M","WHITE HISPANIC",1011477,250772,40.8549523670001,-73.9015797869999
"35",198858227,"2019-06-23T00:00:00.000","00:30:00","MANHATTAN",30,0,"","false","","","","25-44","M","WHITE HISPANIC",997736,240029,40.82549764,-73.951273101
"36",198857666,"2019-06-22T00:00:00.000","22:30:00","BRONX",44,2,"MULTI DWELL - PUBLIC HOUS","false","25-44","M","BLACK","25-44","F","BLACK",1006852,239269,40.823393034,-73.918337246
"37",198857666,"2019-06-22T00:00:00.000","22:30:00","BRONX",44,2,"MULTI DWELL - PUBLIC HOUS","false","25-44","M","BLACK","25-44","M","BLACK",1006852,239269,40.823393034,-73.918337246
"38",198858228,"2019-06-22T00:00:00.000","02:36:00","BROOKLYN",94,2,"MULTI DWELL - PUBLIC HOUS","true","","","","25-44","M","BLACK HISPANIC",1001064,200639,40.7173766820001,-73.9393467359999
"39",198857665,"2019-06-21T00:00:00.000","23:30:00","BRONX",40,2,"MULTI DWELL - PUBLIC HOUS","false","","","","18-24","M","BLACK",1005530,233943,40.808777943,-73.923130702
"40",198760075,"2019-06-20T00:00:00.000","19:09:00","BROOKLYN",75,0,"GAS STATION","false","<18","M","UNKNOWN","25-44","M","WHITE HISPANIC",1019847,184424,40.6728146730001,-73.871674829
"41",198760073,"2019-06-20T00:00:00.000","19:02:00","BROOKLYN",77,0,"","false","25-44","M","BLACK HISPANIC","25-44","M","BLACK",1002625,183496,40.670320017,-73.933762358
"42",198760073,"2019-06-20T00:00:00.000","19:02:00","BROOKLYN",77,0,"","false","25-44","M","BLACK HISPANIC","<18","M","BLACK",1002625,183496,40.670320017,-73.933762358
"43",198760074,"2019-06-20T00:00:00.000","17:43:00","BROOKLYN",63,0,"","false","18-24","M","BLACK","25-44","M","BLACK",1001311,166450,40.6235350650001,-73.938542237
"44",198705941,"2019-06-19T00:00:00.000","18:01:00","BROOKLYN",73,0,"","false","","","","45-64","M","BLACK",1006976,184974,40.6743666950001,-73.9180726879999
"45",198705943,"2019-06-19T00:00:00.000","10:40:00","MANHATTAN",5,2,"MULTI DWELL - PUBLIC HOUS","false","25-44","M","BLACK","25-44","M","BLACK",984075,198251,40.7108381640001,-74.000632678
"46",198653292,"2019-06-18T00:00:00.000","10:50:00","BROOKLYN",73,2,"MULTI DWELL - PUBLIC HOUS","false","18-24","M","BLACK","18-24","M","BLACK",1010854,182099,40.6664646620001,-73.904103595
"47",198595255,"2019-06-17T00:00:00.000","23:21:00","BROOKLYN",73,0,"","false","","","","45-64","M","WHITE HISPANIC",1009528,186407,40.6782930370001,-73.90886719
"48",198595257,"2019-06-17T00:00:00.000","17:34:00","BRONX",43,0,"","false","","","","18-24","M","BLACK",1023757,242233,40.831468929,-73.857239734
"49",198595258,"2019-06-17T00:00:00.000","14:47:00","BROOKLYN",81,2,"MULTI DWELL - PUBLIC HOUS","true","","","","25-44","M","BLACK",1001727,191635,40.692661539,-73.936978402
"50",198552502,"2019-06-15T00:00:00.000","04:14:00","MANHATTAN",32,0,"","true","<18","M","BLACK","25-44","M","BLACK",999488,235746,40.813739163,-73.944952405
"51",198552994,"2019-06-15T00:00:00.000","01:25:00","MANHATTAN",32,0,"","false","","","","18-24","M","BLACK",1000313,234249,40.809628853,-73.941975579
"52",198552995,"2019-06-14T00:00:00.000","15:57:00","BROOKLYN",73,0,"","false","","","","25-44","M","BLACK",1005740,182009,40.666231521,-73.922538001
"53",198552996,"2019-06-14T00:00:00.000","02:45:00","BRONX",44,0,"","false","","","","25-44","M","WHITE HISPANIC",1007338,246716,40.8438316410001,-73.9165556299999
"54",198457970,"2019-06-13T00:00:00.000","16:10:00","MANHATTAN",23,2,"MULTI DWELL - PUBLIC HOUS","false","","","","25-44","M","WHITE HISPANIC",997937,226909,40.789486555,-73.950573584
"55",198457971,"2019-06-13T00:00:00.000","15:06:00","BROOKLYN",88,2,"MULTI DWELL - PUBLIC HOUS","false","18-24","M","BLACK","18-24","M","BLACK",991352,192378,40.6947153080001,-73.974390448
"56",198405079,"2019-06-12T00:00:00.000","22:57:00","BROOKLYN",61,0,"","false","25-44","M","BLACK","25-44","M","BLACK",1000566,156826,40.5971205660001,-73.9412492169999
"57",198404597,"2019-06-12T00:00:00.000","19:37:00","BROOKLYN",77,0,"GROCERY/BODEGA","true","25-44","M","BLACK","45-64","M","BLACK",1000435,185274,40.675204502,-73.941652704
"58",198405080,"2019-06-12T00:00:00.000","19:27:00","STATEN ISLAND",121,0,"","false","18-24","M","WHITE HISPANIC","18-24","M","BLACK HISPANIC",937942,170983,40.635872566,-74.166848666
"59",198405076,"2019-06-12T00:00:00.000","08:09:00","BRONX",49,2,"MULTI DWELL - PUBLIC HOUS","false","","","","25-44","F","WHITE",1023622,253318,40.8618945590001,-73.85766248
"60",198405077,"2019-06-12T00:00:00.000","02:14:00","BROOKLYN",77,0,"","false","","","","25-44","M","BLACK",993387,187600,40.681598926,-73.9670583779999
"61",198350536,"2019-06-11T00:00:00.000","21:41:00","BROOKLYN",75,0,"","false","18-24","M","WHITE HISPANIC","18-24","M","BLACK",1020214,183053,40.669050105,-73.870359116
"62",198266990,"2019-06-10T00:00:00.000","02:21:00","MANHATTAN",30,0,"","true","18-24","M","BLACK","25-44","M","BLACK",998886,240181,40.8259130060001,-73.947117528
"63",198295765,"2019-06-10T00:00:00.000","00:55:00","BROOKLYN",83,0,"","false","","","","25-44","M","BLACK HISPANIC",1006847,192241,40.694313277,-73.9185133719999
"64",198255470,"2019-06-09T00:00:00.000","22:20:00","BRONX",42,0,"","false","","","","18-24","M","BLACK",1015667,243850,40.8359396060001,-73.886465989
"65",198255468,"2019-06-09T00:00:00.000","22:13:00","QUEENS",103,2,"MULTI DWELL - PUBLIC HOUS","false","","","","18-24","M","BLACK",1041409,193095,40.6965015710001,-73.7938708419999
"66",198255469,"2019-06-09T00:00:00.000","20:01:00","BRONX",52,0,"","false","18-24","M","BLACK HISPANIC","25-44","M","WHITE HISPANIC",1010327,253958,40.863700447,-73.905724473
"67",198255466,"2019-06-09T00:00:00.000","02:25:00","MANHATTAN",25,2,"MULTI DWELL - PUBLIC HOUS","false","","","","25-44","F","BLACK",1000980,231749,40.802765805,-73.939572343
"68",198255467,"2019-06-08T00:00:00.000","22:44:00","STATEN ISLAND",120,0,"","false","18-24","M","BLACK","25-44","M","BLACK",951610,171560,40.6375172200001,-74.1176058729999
"69",198255459,"2019-06-08T00:00:00.000","05:05:00","MANHATTAN",33,0,"","true","18-24","M","BLACK","18-24","M","WHITE HISPANIC",1001264,244950,40.8389982780001,-73.938513061
"70",198255459,"2019-06-08T00:00:00.000","05:05:00","MANHATTAN",33,0,"","true","18-24","M","BLACK HISPANIC","18-24","M","WHITE HISPANIC",1001264,244950,40.8389982780001,-73.938513061
"71",198255465,"2019-06-08T00:00:00.000","02:55:00","BROOKLYN",79,0,"MULTI DWELL - APT BUILD","false","","","","45-64","F","BLACK",995826,188145,40.683091974,-73.958263731
"72",198255463,"2019-06-08T00:00:00.000","00:40:00","BROOKLYN",79,0,"","false","","","","45-64","M","BLACK",995908,187609,40.681620668,-73.957969005
"73",198255461,"2019-06-07T00:00:00.000","22:25:00","BROOKLYN",79,2,"MULTI DWELL - PUBLIC HOUS","false","","","","18-24","F","BLACK",999382,190051,40.6883181430001,-73.94543816
"74",198255461,"2019-06-07T00:00:00.000","22:25:00","BROOKLYN",79,2,"MULTI DWELL - PUBLIC HOUS","false","","","","18-24","M","BLACK",999382,190051,40.6883181430001,-73.94543816
"75",198255460,"2019-06-07T00:00:00.000","17:50:00","BROOKLYN",73,0,"","false","45-64","M","WHITE HISPANIC","25-44","M","BLACK",1009650,186966,40.679827016,-73.908425239
"76",198255460,"2019-06-07T00:00:00.000","17:50:00","BROOKLYN",73,0,"","false","45-64","M","WHITE HISPANIC","25-44","M","WHITE HISPANIC",1009650,186966,40.679827016,-73.908425239
"77",198255458,"2019-06-07T00:00:00.000","17:08:00","MANHATTAN",23,2,"MULTI DWELL - PUBLIC HOUS","false","<18","M","BLACK","45-64","F","BLACK",997920,227368,40.7907464140001,-73.9506340419999
"78",198255457,"2019-06-07T00:00:00.000","10:30:00","BROOKLYN",75,0,"PVT HOUSE","false","25-44","M","BLACK","45-64","M","BLACK",1020467,183148,40.6693098270001,-73.869446597
"79",198171739,"2019-06-07T00:00:00.000","00:15:00","BRONX",49,2,"MULTI DWELL - PUBLIC HOUS","false","25-44","M","BLACK","25-44","M","BLACK",1025619,256059,40.8694086310001,-73.850425952
"80",198171739,"2019-06-07T00:00:00.000","00:15:00","BRONX",49,2,"MULTI DWELL - PUBLIC HOUS","true","25-44","M","BLACK","25-44","M","BLACK",1025619,256059,40.8694086310001,-73.850425952
"81",198171739,"2019-06-07T00:00:00.000","00:15:00","BRONX",49,2,"MULTI DWELL - PUBLIC HOUS","false","25-44","M","BLACK","45-64","M","BLACK",1025619,256059,40.8694086310001,-73.850425952
"82",198171739,"2019-06-07T00:00:00.000","00:15:00","BRONX",49,2,"MULTI DWELL - PUBLIC HOUS","true","25-44","M","BLACK","45-64","M","BLACK",1025619,256059,40.8694086310001,-73.850425952
"83",198159775,"2019-06-06T00:00:00.000","17:30:00","BROOKLYN",70,0,"","false","18-24","M","BLACK","18-24","M","BLACK",998712,170677,40.635141912,-73.947895611
"84",198159773,"2019-06-06T00:00:00.000","00:56:00","BROOKLYN",79,2,"MULTI DWELL - PUBLIC HOUS","false","25-44","M","BLACK","25-44","M","BLACK",998989,189991,40.68815412,-73.946855378
"85",198107751,"2019-06-05T00:00:00.000","23:38:00","QUEENS",105,0,"PVT HOUSE","false","","","","65+","F","BLACK",1053432,185858,40.6765519190001,-73.750587218
"86",198107752,"2019-06-05T00:00:00.000","12:20:00","BRONX",40,2,"MULTI DWELL - PUBLIC HOUS","false","18-24","M","BLACK","<18","M","BLACK",1007373,232752,40.8055043470001,-73.9164772519999
"87",198107752,"2019-06-05T00:00:00.000","12:20:00","BRONX",40,2,"MULTI DWELL - PUBLIC HOUS","false","25-44","M","BLACK","<18","M","BLACK",1007373,232752,40.8055043470001,-73.9164772519999
"88",198107752,"2019-06-05T00:00:00.000","12:20:00","BRONX",40,2,"MULTI DWELL - PUBLIC HOUS","false","25-44","M","WHITE HISPANIC","<18","M","BLACK",1007373,232752,40.8055043470001,-73.9164772519999
"89",198052649,"2019-06-04T00:00:00.000","22:50:00","BROOKLYN",88,2,"MULTI DWELL - PUBLIC HOUS","false","<18","M","BLACK","18-24","M","BLACK",990007,192515,40.695092317,-73.979240625
"90",198052648,"2019-06-04T00:00:00.000","19:58:00","BRONX",52,0,"","false","","","","25-44","M","WHITE HISPANIC",1011095,253282,40.86184273,-73.902950609
"91",198052647,"2019-06-04T00:00:00.000","19:56:00","BROOKLYN",90,2,"MULTI DWELL - PUBLIC HOUS","false","18-24","M","BLACK","<18","F","BLACK",1001414,195664,40.703720817,-73.938096831
"92",198055667,"2019-06-04T00:00:00.000","02:00:00","BRONX",52,0,"","false","","","","25-44","F","WHITE HISPANIC",1013735,255974,40.869223027,-73.893394567
"93",197997726,"2019-06-03T00:00:00.000","23:05:00","BRONX",46,0,"MULTI DWELL - APT BUILD","false","","","","18-24","M","WHITE HISPANIC",1013293,252852,40.8606555530001,-73.895006204
"94",197997725,"2019-06-03T00:00:00.000","07:07:00","BROOKLYN",75,2,"MULTI DWELL - PUBLIC HOUS","false","25-44","M","BLACK","18-24","M","BLACK",1016409,178125,40.655538482,-73.884098793
"95",197953468,"2019-06-02T00:00:00.000","22:15:00","BROOKLYN",75,0,"","true","","","","25-44","M","BLACK",1021396,183855,40.671246534,-73.8660938529999
"96",197953470,"2019-06-02T00:00:00.000","01:56:00","BRONX",41,0,"","false","18-24","M","WHITE HISPANIC","18-24","M","WHITE HISPANIC",1011153,235312,40.8125201340001,-73.902813002
"97",197953469,"2019-06-01T00:00:00.000","23:11:00","BROOKLYN",75,0,"RESTAURANT/DINER","false","45-64","M","WHITE HISPANIC","25-44","M","WHITE HISPANIC",1012920,183086,40.6691673070001,-73.896652217
"98",197953465,"2019-06-01T00:00:00.000","22:20:00","BROOKLYN",71,0,"","false","","","","18-24","M","BLACK",1003286,181971,40.666132836,-73.93138386
"99",197953467,"2019-06-01T00:00:00.000","22:12:00","BRONX",41,0,"","false","18-24","M","BLACK","<18","M","BLACK",1015287,235984,40.8143510290001,-73.8878756249999
"100",197953467,"2019-06-01T00:00:00.000","22:12:00","BRONX",41,0,"","false","<18","M","BLACK","<18","M","BLACK",1015287,235984,40.8143510290001,-73.8878756249999
"101",197953466,"2019-06-01T00:00:00.000","21:25:00","BRONX",42,2,"MULTI DWELL - PUBLIC HOUS","false","","","","25-44","M","BLACK",1010706,243782,40.8357692210001,-73.9043944159999
"102",197953462,"2019-06-01T00:00:00.000","14:14:00","QUEENS",101,0,"","false","18-24","M","BLACK","45-64","F","WHITE",1052809,159159,40.603274007,-73.7531045329999
"103",197953462,"2019-06-01T00:00:00.000","14:14:00","QUEENS",101,0,"","false","18-24","M","BLACK","25-44","M","BLACK",1052809,159159,40.603274007,-73.7531045329999
"104",197953471,"2019-06-01T00:00:00.000","13:45:00","BROOKLYN",77,0,"","false","18-24","M","BLACK","18-24","M","BLACK",996216,184738,40.6737400100001,-73.956863621
"105",197953471,"2019-06-01T00:00:00.000","13:45:00","BROOKLYN",77,0,"","false","<18","M","BLACK","18-24","M","BLACK",996216,184738,40.6737400100001,-73.956863621
"106",197953464,"2019-06-01T00:00:00.000","04:47:00","BROOKLYN",73,0,"","true","18-24","M","BLACK","25-44","M","BLACK",1008382,187866,40.6823008580001,-73.912993613
"107",197953463,"2019-05-31T00:00:00.000","15:55:00","BROOKLYN",79,0,"","false","25-44","M","BLACK HISPANIC","25-44","M","BLACK",1001329,187143,40.680332805,-73.9384249989999
"108",197850804,"2019-05-30T00:00:00.000","05:35:00","BRONX",46,0,"","false","25-44","M","WHITE HISPANIC","25-44","M","BLACK HISPANIC",1008550,248223,40.8479646600001,-73.9121696999999
"109",197850586,"2019-05-30T00:00:00.000","04:33:00","BROOKLYN",67,0,"","false","","","","25-44","M","BLACK",1005192,176639,40.651493368,-73.9245300119999
"110",197801426,"2019-05-29T00:00:00.000","10:15:00","BROOKLYN",60,0,"","false","18-24","M","BLACK","18-24","M","BLACK",988806,153480,40.587950312,-73.9835980089999
"111",197700945,"2019-05-28T00:00:00.000","04:15:00","BROOKLYN",75,0,"","false","","","","25-44","M","BLACK",1017589,180904,40.663161856,-73.87983228
"112",197706724,"2019-05-28T00:00:00.000","03:10:00","BRONX",40,2,"MULTI DWELL - PUBLIC HOUS","false","25-44","M","BLACK HISPANIC","25-44","M","BLACK HISPANIC",1006699,233128,40.8065381010001,-73.918910596
"113",197700947,"2019-05-28T00:00:00.000","02:42:00","MANHATTAN",32,0,"","false","","","","25-44","M","BLACK",1001900,238191,40.820445512,-73.936232347
"114",197700946,"2019-05-28T00:00:00.000","01:50:00","MANHATTAN",23,2,"MULTI DWELL - PUBLIC HOUS","false","25-44","M","BLACK","25-44","M","BLACK",1000102,229680,40.7970885840001,-73.9427485799999
"115",197700944,"2019-05-28T00:00:00.000","01:20:00","BROOKLYN",69,0,"","false","","","","18-24","M","BLACK",1014401,169812,40.6327281640001,-73.8913728699999
"116",197692916,"2019-05-27T00:00:00.000","23:32:00","BRONX",42,0,"","true","18-24","M","BLACK","18-24","M","BLACK",1013407,243571,40.8351815830001,-73.894634433
"117",197692916,"2019-05-27T00:00:00.000","23:32:00","BRONX",42,0,"","true","<18","M","BLACK","18-24","M","BLACK",1013407,243571,40.8351815830001,-73.894634433
"118",197706725,"2019-05-27T00:00:00.000","23:00:00","QUEENS",107,2,"MULTI DWELL - PUBLIC HOUS","false","","","","25-44","M","BLACK",1036732,207396,40.735783278,-73.8106258029999
"119",197691092,"2019-05-27T00:00:00.000","20:50:00","BROOKLYN",79,0,"","false","","","","18-24","M","BLACK",1000286,186745,40.6792423360001,-73.942186366
"120",197691092,"2019-05-27T00:00:00.000","20:50:00","BROOKLYN",79,0,"","false","","","","<18","M","BLACK",1000286,186745,40.6792423360001,-73.942186366
"121",197691091,"2019-05-27T00:00:00.000","18:53:00","BROOKLYN",75,0,"","false","","","","25-44","M","BLACK",1021254,181801,40.6656093610001,-73.866617022
"122",197691091,"2019-05-27T00:00:00.000","18:53:00","BROOKLYN",75,0,"","true","","","","25-44","M","BLACK",1021254,181801,40.6656093610001,-73.866617022
"123",197691090,"2019-05-27T00:00:00.000","18:00:00","BROOKLYN",67,0,"","false","18-24","M","BLACK","18-24","M","BLACK",998235,173191,40.642043072,-73.9496090069999
"124",197691090,"2019-05-27T00:00:00.000","18:00:00","BROOKLYN",67,0,"","false","<18","M","BLACK","18-24","M","BLACK",998235,173191,40.642043072,-73.9496090069999
"125",197665544,"2019-05-27T00:00:00.000","02:46:00","QUEENS",113,0,"","false","","","","25-44","M","BLACK",1052435,194734,40.7009221440001,-73.754091742
"126",197662445,"2019-05-26T00:00:00.000","21:22:00","BROOKLYN",71,0,"","false","25-44","M","BLACK","25-44","M","WHITE HISPANIC",1002498,181698,40.66538517,-73.9342250409999
"127",197662447,"2019-05-26T00:00:00.000","21:01:00","BROOKLYN",75,0,"","false","","","","25-44","M","WHITE",1019237,189214,40.6859645580001,-73.873848999
"128",197662446,"2019-05-26T00:00:00.000","20:08:00","BROOKLYN",75,0,"","false","","","","25-44","M","BLACK",1015379,182115,40.6664938260001,-73.88779254
"129",197662446,"2019-05-26T00:00:00.000","20:08:00","BROOKLYN",75,0,"","true","","","","25-44","M","BLACK",1015379,182115,40.6664938260001,-73.88779254
"130",197660700,"2019-05-26T00:00:00.000","18:44:00","BROOKLYN",67,0,"","false","<18","M","BLACK","<18","M","BLACK",1006437,176073,40.649936789,-73.920045107
"131",197660699,"2019-05-26T00:00:00.000","14:00:00","BROOKLYN",77,0,"","false","","","","25-44","M","BLACK",1004127,182891,40.668656183,-73.928349662
"132",197660693,"2019-05-26T00:00:00.000","05:21:00","MANHATTAN",23,2,"MULTI DWELL - PUBLIC HOUS","false","25-44","M","BLACK","25-44","F","BLACK",1000552,225907,40.786731898,-73.941132468
"133",197660693,"2019-05-26T00:00:00.000","05:21:00","MANHATTAN",23,2,"MULTI DWELL - PUBLIC HOUS","true","25-44","M","BLACK","25-44","F","BLACK",1000552,225907,40.786731898,-73.941132468
"134",197660693,"2019-05-26T00:00:00.000","05:21:00","MANHATTAN",23,2,"MULTI DWELL - PUBLIC HOUS","false","25-44","M","BLACK","25-44","M","BLACK",1000552,225907,40.786731898,-73.941132468
"135",197660693,"2019-05-26T00:00:00.000","05:21:00","MANHATTAN",23,2,"MULTI DWELL - PUBLIC HOUS","true","25-44","M","BLACK","25-44","M","BLACK",1000552,225907,40.786731898,-73.941132468
"136",197660695,"2019-05-25T00:00:00.000","23:58:00","BROOKLYN",75,0,"","false","","","","25-44","M","BLACK",1014557,181661,40.6652505490001,-73.890757594
"137",197660697,"2019-05-25T00:00:00.000","23:40:00","QUEENS",100,2,"MULTI DWELL - PUBLIC HOUS","false","","","","25-44","M","BLACK",1037554,154246,40.589893728,-73.8080798989999
"138",197660694,"2019-05-25T00:00:00.000","00:12:00","MANHATTAN",7,0,"","false","","","","25-44","M","BLACK",988664,200228,40.7162634600001,-73.98407868
"139",197654796,"2019-05-24T00:00:00.000","22:13:00","BRONX",44,0,"","false","","","","18-24","M","BLACK",1006954,242413,40.8320221540001,-73.917958068
"140",197654798,"2019-05-24T00:00:00.000","20:29:00","BROOKLYN",67,0,"","false","","","","<18","M","BLACK",1004363,176942,40.6523269580001,-73.927516683
"141",197655792,"2019-05-24T00:00:00.000","16:11:00","BROOKLYN",70,0,"","false","<18","M","UNKNOWN","18-24","M","BLACK",995678,176383,40.6508080900001,-73.958817288
"142",197654797,"2019-05-24T00:00:00.000","00:23:00","BRONX",49,0,"","false","","","","25-44","M","BLACK",1026773,256451,40.870479066,-73.8462510219999
"143",197573448,"2019-05-23T00:00:00.000","20:39:00","BROOKLYN",75,0,"","false","25-44","M","BLACK","25-44","M","BLACK",1018964,182071,40.666359726,-73.874870142
"144",197573447,"2019-05-23T00:00:00.000","19:16:00","MANHATTAN",34,0,"","false","<18","M","BLACK","18-24","M","WHITE HISPANIC",1003718,252533,40.8598063000001,-73.929622321
"145",197534776,"2019-05-23T00:00:00.000","01:35:00","BRONX",40,2,"MULTI DWELL - APT BUILD","false","","","","25-44","M","WHITE HISPANIC",1007857,235590,40.813292588,-73.9147189829999
"146",197534775,"2019-05-23T00:00:00.000","00:20:00","BRONX",42,0,"","false","","","","25-44","M","BLACK",1014875,244467,40.8376358730001,-73.8893253159999
"147",197525797,"2019-05-22T00:00:00.000","22:19:00","MANHATTAN",28,2,"MULTI DWELL - PUBLIC HOUS","false","","","","25-44","M","BLACK",998330,230187,40.798483162,-73.9491474709999
"148",197525242,"2019-05-22T00:00:00.000","21:32:00","BRONX",42,0,"","false","","","","18-24","M","BLACK",1012059,244779,40.838501539,-73.899500797
"149",197475508,"2019-05-21T00:00:00.000","22:22:00","BROOKLYN",77,1,"","false","<18","M","BLACK","45-64","F","WHITE",995908,183618,40.6706662720001,-73.957975908
"150",197423972,"2019-05-20T00:00:00.000","18:30:00","BRONX",45,0,"MULTI DWELL - APT BUILD","false","","","","18-24","M","BLACK",1032380,259229,40.878075016,-73.8259578829999
"151",197423567,"2019-05-20T00:00:00.000","04:30:00","QUEENS",108,0,"","false","25-44","M","BLACK HISPANIC","25-44","M","WHITE HISPANIC",998672,211187,40.746332577,-73.947953012
"152",197381376,"2019-05-19T00:00:00.000","18:37:00","QUEENS",103,0,"","false","","","","25-44","M","BLACK",1044315,193135,40.6965921150001,-73.783390715
"153",197381382,"2019-05-19T00:00:00.000","04:17:00","BROOKLYN",67,0,"","false","","","","25-44","M","BLACK",1007709,178177,40.6557085310001,-73.915453826
"154",197381379,"2019-05-19T00:00:00.000","02:30:00","MANHATTAN",7,2,"MULTI DWELL - PUBLIC HOUS","false","25-44","M","WHITE HISPANIC","45-64","M","BLACK",987900,198758,40.7122290080001,-73.986835479
"155",197381384,"2019-05-18T00:00:00.000","21:10:00","BRONX",46,0,"","false","","","","18-24","M","WHITE HISPANIC",1011078,248752,40.8494092890001,-73.903030196
"156",197381383,"2019-05-18T00:00:00.000","20:13:00","BROOKLYN",75,0,"","false","18-24","M","BLACK","18-24","M","BLACK",1016177,175721,40.6489408690001,-73.884946311
"157",197381381,"2019-05-18T00:00:00.000","18:40:00","MANHATTAN",28,0,"","false","","","","18-24","M","BLACK HISPANIC",996922,233397,40.807295863,-73.954226811
"158",197381380,"2019-05-18T00:00:00.000","09:53:00","MANHATTAN",32,0,"","false","25-44","F","BLACK","45-64","F","BLACK",1000871,237255,40.8178784520001,-73.939952422
"159",197381377,"2019-05-18T00:00:00.000","03:39:00","MANHATTAN",28,0,"PVT HOUSE","false","18-24","M","BLACK","25-44","M","BLACK",998495,229943,40.7978131840001,-73.948552044
"160",197381375,"2019-05-17T00:00:00.000","23:59:00","BRONX",44,0,"","false","","","","18-24","M","BLACK",1008123,244271,40.8371187430001,-73.913727148
"161",197381374,"2019-05-17T00:00:00.000","21:36:00","MANHATTAN",32,2,"MULTI DWELL - PUBLIC HOUS","true","<18","M","BLACK","<18","M","BLACK",999126,235493,40.8130453650001,-73.946260732
"162",197293452,"2019-05-16T00:00:00.000","22:01:00","BRONX",47,0,"","false","25-44","M","BLACK","18-24","M","BLACK",1020808,262493,40.8870891880001,-73.867785667
"163",197293452,"2019-05-16T00:00:00.000","22:01:00","BRONX",47,0,"","false","25-44","M","BLACK","18-24","M","WHITE",1020808,262493,40.8870891880001,-73.867785667
"164",197293450,"2019-05-16T00:00:00.000","20:15:00","BROOKLYN",79,0,"","false","<18","M","BLACK","<18","M","BLACK",1000422,192120,40.6939952320001,-73.94168314
"165",197293451,"2019-05-16T00:00:00.000","19:26:00","BROOKLYN",77,0,"","true","18-24","M","BLACK","25-44","M","BLACK",999272,185194,40.6749869700001,-73.9458456259999
"166",197254458,"2019-05-15T00:00:00.000","19:08:00","BRONX",46,0,"","false","18-24","M","BLACK","45-64","M","WHITE HISPANIC",1010606,250926,40.855377693,-73.9047277179999
"167",197254458,"2019-05-15T00:00:00.000","19:08:00","BRONX",46,0,"","false","18-24","M","BLACK","<18","M","WHITE HISPANIC",1010606,250926,40.855377693,-73.9047277179999
"168",197200331,"2019-05-14T00:00:00.000","19:45:00","MANHATTAN",34,0,"","false","18-24","M","BLACK","25-44","M","BLACK",1005202,253699,40.863003221,-73.924253843
"169",197200331,"2019-05-14T00:00:00.000","19:45:00","MANHATTAN",34,0,"","false","18-24","M","BLACK HISPANIC","25-44","M","BLACK",1005202,253699,40.863003221,-73.924253843
"170",197200331,"2019-05-14T00:00:00.000","19:45:00","MANHATTAN",34,0,"","false","25-44","M","WHITE","25-44","M","BLACK",1005202,253699,40.863003221,-73.924253843
"171",197200331,"2019-05-14T00:00:00.000","19:45:00","MANHATTAN",34,0,"","false","25-44","M","WHITE HISPANIC","25-44","M","BLACK",1005202,253699,40.863003221,-73.924253843
"172",197106407,"2019-05-11T00:00:00.000","01:34:00","BRONX",47,0,"SOCIAL CLUB/POLICY LOCATI","true","25-44","M","BLACK","25-44","M","BLACK",1024693,261681,40.8848435560001,-73.85374009
"173",197016009,"2019-05-09T00:00:00.000","09:23:00","BROOKLYN",75,0,"","false","25-44","M","BLACK","25-44","M","BLACK",1012920,183086,40.6691673070001,-73.896652217
"174",197016008,"2019-05-09T00:00:00.000","01:32:00","MANHATTAN",1,0,"BAR/NIGHT CLUB","false","18-24","M","WHITE HISPANIC","25-44","M","BLACK",982762,204595,40.728250797,-74.005370124
"175",197016008,"2019-05-09T00:00:00.000","01:32:00","MANHATTAN",1,0,"BAR/NIGHT CLUB","false","18-24","M","WHITE HISPANIC","25-44","M","BLACK HISPANIC",982762,204595,40.728250797,-74.005370124
"176",196820305,"2019-05-04T00:00:00.000","01:45:00","BRONX",48,0,"","false","","","","25-44","M","BLACK",1016691,250307,40.853658463,-73.8827342019999
"177",197423973,"2019-05-03T00:00:00.000","17:08:00","STATEN ISLAND",121,0,"","false","","","","25-44","F","WHITE HISPANIC",944564,168983,40.6304151420001,-74.142977956
"178",196820303,"2019-05-03T00:00:00.000","14:24:00","MANHATTAN",28,0,"","false","","","","25-44","M","BLACK",997399,230992,40.8006941020001,-73.9525084699999
"179",196730309,"2019-05-02T00:00:00.000","14:35:00","BRONX",42,0,"MULTI DWELL - APT BUILD","true","25-44","M","BLACK HISPANIC","25-44","M","BLACK",1014588,242096,40.8311291570001,-73.8903732319999
"180",196678735,"2019-05-02T00:00:00.000","00:23:00","BROOKLYN",75,0,"","false","45-64","M","BLACK","25-44","M","BLACK",1016008,185359,40.67539564,-73.88550994
"181",196680983,"2019-05-02T00:00:00.000","00:19:00","BRONX",46,0,"","false","18-24","M","BLACK","18-24","M","BLACK",1010447,252191,40.8588502110001,-73.9052975399999
"182",196630584,"2019-04-30T00:00:00.000","18:29:00","MANHATTAN",25,2,"MULTI DWELL - PUBLIC HOUS","false","25-44","U","BLACK","18-24","M","BLACK",1002228,234677,40.8107999050001,-73.9350567019999
"183",196582021,"2019-04-30T00:00:00.000","00:13:00","BROOKLYN",90,0,"MULTI DWELL - APT BUILD","false","","","","18-24","M","WHITE HISPANIC",996319,198679,40.7120046950001,-73.956467327
"184",196582020,"2019-04-29T00:00:00.000","01:36:00","BRONX",44,0,"","false","","","","45-64","M","BLACK",1005501,245608,40.840795117,-73.923198516
"185",196542452,"2019-04-27T00:00:00.000","23:54:00","BROOKLYN",67,0,"MULTI DWELL - APT BUILD","false","","","","25-44","M","WHITE HISPANIC",996876,177505,40.65388611,-73.9544978439999
"186",196525187,"2019-04-27T00:00:00.000","11:36:00","BRONX",48,0,"MULTI DWELL - APT BUILD","true","25-44","M","BLACK","18-24","M","BLACK HISPANIC",1013952,247178,40.845079926,-73.89264895
"187",196414298,"2019-04-24T00:00:00.000","23:15:00","BRONX",44,0,"","false","","","","25-44","M","BLACK",1009069,244907,40.838861771,-73.910306061
"188",196414299,"2019-04-24T00:00:00.000","14:58:00","BROOKLYN",71,0,"","false","","","","25-44","M","BLACK",1001270,180581,40.6623216990001,-73.9386542839999
"189",196375777,"2019-04-24T00:00:00.000","01:44:00","MANHATTAN",28,0,"","true","25-44","M","BLACK","25-44","M","BLACK",999029,231931,40.803268824,-73.9466189939999
"190",196364281,"2019-04-23T00:00:00.000","22:54:00","BRONX",47,2,"MULTI DWELL - PUBLIC HOUS","false","","","","18-24","M","BLACK",1030386,260908,40.8826939900001,-73.833156832
"191",196364280,"2019-04-23T00:00:00.000","22:53:00","BRONX",42,2,"MULTI DWELL - PUBLIC HOUS","false","","","","18-24","M","BLACK HISPANIC",1010896,244231,40.8370010240001,-73.903706009
"192",196364279,"2019-04-23T00:00:00.000","00:18:00","STATEN ISLAND",121,0,"","false","18-24","M","BLACK","18-24","M","BLACK",936722,172119,40.6389841760001,-74.171252305
"193",196315233,"2019-04-22T00:00:00.000","23:15:00","BRONX",42,0,"","false","","","","18-24","M","BLACK",1010951,240480,40.8267054450001,-73.903522174
"194",196315234,"2019-04-22T00:00:00.000","17:20:00","BROOKLYN",81,0,"MULTI DWELL - APT BUILD","false","65+","M","BLACK","45-64","M","BLACK",1006938,187372,40.680948759,-73.9182016089999
"195",196315235,"2019-04-22T00:00:00.000","17:01:00","QUEENS",114,2,"MULTI DWELL - PUBLIC HOUS","false","","","","25-44","M","BLACK",999484,214810,40.756275434,-73.9450143289999
"196",196276907,"2019-04-20T00:00:00.000","01:22:00","BRONX",40,0,"","false","","","","25-44","M","BLACK",1010089,237011,40.817186588,-73.9066502109999
"197",196276904,"2019-04-20T00:00:00.000","01:19:00","BROOKLYN",84,2,"MULTI DWELL - PUBLIC HOUS","false","25-44","M","BLACK","25-44","M","BLACK",988740,194815,40.7014060160001,-73.983808132
"198",196276908,"2019-04-19T00:00:00.000","17:43:00","QUEENS",105,0,"","false","18-24","M","BLACK","18-24","M","BLACK",1056792,192445,40.6946047540001,-73.738402934
"199",196276903,"2019-04-19T00:00:00.000","00:12:00","QUEENS",113,0,"","false","25-44","M","BLACK","25-44","M","BLACK",1053637,190566,40.6894726520001,-73.749799679
"200",196276903,"2019-04-19T00:00:00.000","00:12:00","QUEENS",113,0,"","false","25-44","M","BLACK","45-64","M","BLACK",1053637,190566,40.6894726520001,-73.749799679
"201",196193415,"2019-04-18T00:00:00.000","23:24:00","BROOKLYN",75,0,"","false","25-44","M","BLACK","25-44","M","BLACK",1018747,183640,40.6706671250001,-73.875644318
"202",196195745,"2019-04-18T00:00:00.000","22:30:00","MANHATTAN",23,2,"MULTI DWELL - PUBLIC HOUS","false","","","","25-44","M","BLACK HISPANIC",998437,228299,40.7933009430001,-73.9487649979999
"203",196195743,"2019-04-18T00:00:00.000","21:54:00","MANHATTAN",7,2,"MULTI DWELL - PUBLIC HOUS","false","","","","25-44","M","BLACK HISPANIC",989021,200767,40.7177427010001,-73.9827904809999
"204",196193416,"2019-04-18T00:00:00.000","19:50:00","BROOKLYN",75,0,"","false","","","","<18","M","BLACK",1017353,185387,40.6754675660001,-73.8806609179999
"205",196193414,"2019-04-18T00:00:00.000","18:05:00","BROOKLYN",88,0,"","false","","","","<18","F","BLACK",990027,191934,40.6934975940001,-73.979169
"206",196195746,"2019-04-18T00:00:00.000","16:25:00","MANHATTAN",34,0,"","false","25-44","M","BLACK HISPANIC","UNKNOWN","U","UNKNOWN",1002644,250694,40.854761099,-73.933510004
"207",196193413,"2019-04-18T00:00:00.000","13:53:00","QUEENS",108,0,"DRUG STORE","false","25-44","M","WHITE HISPANIC","25-44","M","WHITE",1007610,211185,40.746307995,-73.915696141
"208",196145427,"2019-04-17T00:00:00.000","16:34:00","MANHATTAN",7,2,"MULTI DWELL - PUBLIC HOUS","false","25-44","M","BLACK","18-24","M","BLACK",989578,198999,40.7128896450001,-73.98078255
"209",196095817,"2019-04-16T00:00:00.000","20:20:00","QUEENS",106,0,"","false","25-44","M","BLACK","25-44","M","BLACK",1038488,183613,40.6704940860001,-73.804481032
"210",196095818,"2019-04-16T00:00:00.000","19:45:00","QUEENS",105,0,"","false","","","","25-44","M","BLACK",1057395,201036,40.718179956,-73.736135108
"211",196095816,"2019-04-16T00:00:00.000","17:40:00","QUEENS",114,2,"MULTI DWELL - PUBLIC HOUS","false","","","","25-44","M","BLACK",1001955,216397,40.7606267410001,-73.9360910789999
"212",196095819,"2019-04-16T00:00:00.000","17:12:00","BROOKLYN",77,2,"MULTI DWELL - PUBLIC HOUS","true","","","","18-24","M","BLACK",1003789,183568,40.670515149,-73.929566108
"213",196043547,"2019-04-15T00:00:00.000","08:34:00","QUEENS",113,0,"","false","","","","25-44","M","BLACK HISPANIC",1043652,190369,40.6890045800001,-73.785806054
"214",196000891,"2019-04-14T00:00:00.000","18:35:00","MANHATTAN",30,0,"GROCERY/BODEGA","true","","","","45-64","M","WHITE HISPANIC",997098,237847,40.819509618,-73.953582535
"215",196000892,"2019-04-14T00:00:00.000","14:03:00","BRONX",52,0,"","false","","","","18-24","M","BLACK",1010728,252491,40.8596727830001,-73.904280522
"216",196000889,"2019-04-14T00:00:00.000","03:35:00","MANHATTAN",9,2,"MULTI DWELL - PUBLIC HOUS","false","","","","18-24","M","BLACK",990832,202826,40.7233929980001,-73.976255443
"217",196000890,"2019-04-14T00:00:00.000","03:03:00","BRONX",52,0,"","false","<18","M","WHITE HISPANIC","25-44","M","BLACK HISPANIC",1010032,252384,40.8593811590001,-73.90679705
"218",196000888,"2019-04-14T00:00:00.000","00:50:00","BROOKLYN",73,2,"MULTI DWELL - PUBLIC HOUS","false","","","","18-24","M","BLACK",1007628,183445,40.670168236,-73.9157274889999
"219",196000888,"2019-04-14T00:00:00.000","00:50:00","BROOKLYN",73,2,"MULTI DWELL - PUBLIC HOUS","false","","","","25-44","M","BLACK",1007628,183445,40.670168236,-73.9157274889999
"220",195978521,"2019-04-13T00:00:00.000","06:04:00","QUEENS",103,0,"","true","","","","45-64","M","BLACK",1042298,192835,40.6957821460001,-73.7906671219999
"221",195978522,"2019-04-13T00:00:00.000","01:50:00","QUEENS",110,0,"","true","","","","25-44","M","WHITE HISPANIC",1022285,212504,40.7498773740001,-73.862727261
"222",196000887,"2019-04-13T00:00:00.000","00:01:00","MANHATTAN",32,0,"BAR/NIGHT CLUB","false","","","","25-44","F","BLACK",1001406,241015,40.8281975630001,-73.9380099379999
"223",195907494,"2019-04-11T00:00:00.000","03:10:00","MANHATTAN",32,0,"","false","25-44","M","BLACK","25-44","M","BLACK",1001288,238999,40.8226644450001,-73.938441439
"224",195854214,"2019-04-10T00:00:00.000","18:05:00","BRONX",48,0,"","false","18-24","M","BLACK","18-24","M","BLACK",1015010,250473,40.8541200990001,-73.888809888
"225",195854769,"2019-04-10T00:00:00.000","16:11:00","BROOKLYN",67,0,"","true","","","","18-24","M","BLACK",1000243,171648,40.6378044680001,-73.942377197
"226",195799804,"2019-04-09T00:00:00.000","18:20:00","QUEENS",115,0,"","false","25-44","M","WHITE HISPANIC","25-44","M","WHITE HISPANIC",1021031,216635,40.7612212110001,-73.867230537
"227",195799803,"2019-04-09T00:00:00.000","12:25:00","BROOKLYN",60,2,"MULTI DWELL - PUBLIC HOUS","false","18-24","M","BLACK","18-24","M","BLACK",986229,148311,40.5737633750001,-73.992877757
"228",195744020,"2019-04-08T00:00:00.000","21:35:00","BROOKLYN",79,0,"GROCERY/BODEGA","false","","","","25-44","M","BLACK",997892,189416,40.686577636,-73.950812118
"229",195743584,"2019-04-08T00:00:00.000","20:35:00","STATEN ISLAND",120,0,"","false","18-24","M","BLACK","18-24","M","BLACK",949942,170297,40.6340442520001,-74.1236093749999
"230",195743585,"2019-04-08T00:00:00.000","19:40:00","BROOKLYN",77,0,"","false","","","","18-24","M","BLACK",1002318,184652,40.673493609,-73.934865948
"231",195743583,"2019-04-08T00:00:00.000","16:00:00","BROOKLYN",75,0,"FAST FOOD","false","","","","25-44","M","BLACK",1012266,186110,40.677469597,-73.898997177
"232",195743581,"2019-04-08T00:00:00.000","11:55:00","QUEENS",115,0,"MULTI DWELL - APT BUILD","true","45-64","M","WHITE HISPANIC","25-44","M","WHITE HISPANIC",1017904,212282,40.7492857990001,-73.878540057
"233",195743582,"2019-04-08T00:00:00.000","04:25:00","BROOKLYN",71,0,"HOSPITAL","false","","","","25-44","M","BLACK",1002530,179472,40.6592752270001,-73.934115729
"234",195700548,"2019-04-07T00:00:00.000","15:27:00","QUEENS",105,0,"","false","","","","45-64","M","BLACK",1056164,181089,40.6634403620001,-73.740788773
"235",195699916,"2019-04-07T00:00:00.000","09:53:00","BROOKLYN",67,0,"","false","","","","25-44","M","BLACK",1004666,181265,40.664191948,-73.926411623
"236",195699915,"2019-04-07T00:00:00.000","05:15:00","QUEENS",110,0,"","false","","","","18-24","M","BLACK HISPANIC",1018767,207199,40.7353309160001,-73.875451472
"237",195699915,"2019-04-07T00:00:00.000","05:15:00","QUEENS",110,0,"","false","","","","<18","M","BLACK HISPANIC",1018767,207199,40.7353309160001,-73.875451472
"238",195699913,"2019-04-07T00:00:00.000","03:15:00","BRONX",47,2,"MULTI DWELL - APT BUILD","false","18-24","M","BLACK","25-44","M","BLACK",1027514,261656,40.8847615600001,-73.843538178
"239",195699914,"2019-04-07T00:00:00.000","01:45:00","MANHATTAN",32,0,"BAR/NIGHT CLUB","false","25-44","M","BLACK","18-24","M","BLACK",1001841,235976,40.814366077,-73.9364513189999
"240",195699912,"2019-04-06T00:00:00.000","20:20:00","BRONX",40,0,"","false","18-24","M","BLACK","18-24","M","BLACK",1006022,238221,40.820518656,-73.921339551
"241",195700547,"2019-04-06T00:00:00.000","12:58:00","BROOKLYN",88,2,"MULTI DWELL - PUBLIC HOUS","false","25-44","M","BLACK","45-64","M","BLACK",989961,192624,40.695391527,-73.979406417
"242",195604250,"2019-04-04T00:00:00.000","22:35:00","BROOKLYN",67,0,"","false","25-44","M","BLACK","25-44","M","BLACK",1004757,178619,40.6569290530001,-73.926091658
"243",195604251,"2019-04-04T00:00:00.000","21:10:00","QUEENS",105,0,"","false","","","","25-44","M","ASIAN / PACIFIC ISLANDER",1057564,200120,40.7156643690001,-73.735535431
"244",195553175,"2019-04-03T00:00:00.000","14:00:00","BRONX",42,0,"","false","25-44","M","BLACK","25-44","M","BLACK",1011134,241668,40.8299656090001,-73.9028561769999
"245",195553175,"2019-04-03T00:00:00.000","14:00:00","BRONX",42,0,"","true","25-44","M","BLACK","25-44","M","BLACK",1011134,241668,40.8299656090001,-73.9028561769999
"246",195440618,"2019-04-01T00:00:00.000","22:21:00","BRONX",42,2,"MULTI DWELL - PUBLIC HOUS","false","18-24","M","BLACK","25-44","M","BLACK",1010674,239150,40.823055808,-73.904528301
"247",195396614,"2019-03-31T00:00:00.000","21:16:00","BROOKLYN",71,0,"","false","","","","18-24","M","BLACK",997631,178916,40.657757888,-73.9517740539999
"248",195396618,"2019-03-31T00:00:00.000","07:29:00","BROOKLYN",79,0,"","false","18-24","M","BLACK","25-44","F","BLACK",1001063,186966,40.67984749,-73.939384473
"249",195396616,"2019-03-31T00:00:00.000","05:05:00","BROOKLYN",75,0,"GROCERY/BODEGA","false","","","","25-44","M","BLACK",1015774,180556,40.6622133220001,-73.8863759979999
"250",195397264,"2019-03-31T00:00:00.000","03:30:00","BRONX",40,0,"","false","25-44","M","BLACK","25-44","M","BLACK",1004261,234901,40.811410352,-73.927711913
"251",195397264,"2019-03-31T00:00:00.000","03:30:00","BRONX",40,0,"","false","25-44","M","WHITE HISPANIC","25-44","M","BLACK",1004261,234901,40.811410352,-73.927711913
"252",195396617,"2019-03-30T00:00:00.000","23:30:00","BROOKLYN",77,0,"","false","","","","25-44","M","BLACK",998854,184734,40.6737250730001,-73.9473535549999
"253",195396615,"2019-03-30T00:00:00.000","21:30:00","BROOKLYN",70,0,"GROCERY/BODEGA","false","","","","18-24","M","BLACK",994871,177892,40.6549509710001,-73.961723173
"254",195396615,"2019-03-30T00:00:00.000","21:30:00","BROOKLYN",70,0,"GROCERY/BODEGA","false","","","","<18","M","BLACK",994871,177892,40.6549509710001,-73.961723173
"255",195396612,"2019-03-30T00:00:00.000","00:50:00","QUEENS",113,0,"","false","","","","18-24","M","BLACK",1046315,187088,40.679980738,-73.7762339069999
"256",195396612,"2019-03-30T00:00:00.000","00:50:00","QUEENS",113,0,"","false","","","","25-44","M","BLACK",1046315,187088,40.679980738,-73.7762339069999
"257",195303946,"2019-03-28T00:00:00.000","07:45:00","QUEENS",108,0,"","false","25-44","M","UNKNOWN","45-64","M","UNKNOWN",1004902,211595,40.74744008,-73.925467941
"258",195254733,"2019-03-27T00:00:00.000","13:43:00","MANHATTAN",34,0,"","true","25-44","M","WHITE HISPANIC","45-64","M","WHITE HISPANIC",1003064,249581,40.851705361,-73.931994893
"259",195203576,"2019-03-26T00:00:00.000","02:25:00","BROOKLYN",77,0,"","false","","","","18-24","M","BLACK",994109,187431,40.6811342840001,-73.964455485
"260",195145308,"2019-03-25T00:00:00.000","16:08:00","BRONX",40,0,"","false","","","","25-44","M","BLACK HISPANIC",1008860,233679,40.808044688,-73.911102561
"261",195102370,"2019-03-24T00:00:00.000","00:10:00","BROOKLYN",63,0,"PVT HOUSE","false","","","","25-44","M","BLACK",1006739,165849,40.6218733310001,-73.918990849
"262",195102369,"2019-03-23T00:00:00.000","20:47:00","QUEENS",101,0,"","false","18-24","M","BLACK","25-44","M","BLACK",1044821,156440,40.5958691210001,-73.7818954319999
"263",195102367,"2019-03-23T00:00:00.000","15:50:00","BRONX",47,2,"MULTI DWELL - PUBLIC HOUS","false","25-44","M","BLACK HISPANIC","25-44","F","BLACK HISPANIC",1026591,262398,40.886802591,-73.84687149
"264",195102364,"2019-03-23T00:00:00.000","05:44:00","BROOKLYN",79,2,"MULTI DWELL - PUBLIC HOUS","false","25-44","M","BLACK","18-24","M","WHITE HISPANIC",999025,193414,40.697549404,-73.9467180619999
"265",195102368,"2019-03-22T00:00:00.000","22:25:00","BRONX",48,2,"MULTI DWELL - PUBLIC HOUS","false","","","","25-44","M","BLACK HISPANIC",1013667,246291,40.8426463260001,-73.8936829209999
"266",195102368,"2019-03-22T00:00:00.000","22:25:00","BRONX",48,2,"MULTI DWELL - PUBLIC HOUS","false","","","","<18","M","BLACK HISPANIC",1013667,246291,40.8426463260001,-73.8936829209999
"267",195102365,"2019-03-22T00:00:00.000","22:05:00","BROOKLYN",77,0,"","true","","","","25-44","M","BLACK",994239,186637,40.6789547890001,-73.963987956
"268",195102366,"2019-03-22T00:00:00.000","15:01:00","BRONX",42,0,"","false","","","","25-44","M","BLACK",1011260,240722,40.827368726,-73.902404685
"269",195013388,"2019-03-21T00:00:00.000","21:25:00","BROOKLYN",88,2,"MULTI DWELL - PUBLIC HOUS","false","18-24","M","BLACK","45-64","F","BLACK",990281,192762,40.6957700930001,-73.978252309
"270",195013387,"2019-03-21T00:00:00.000","18:20:00","BRONX",40,2,"MULTI DWELL - PUBLIC HOUS","false","18-24","M","WHITE HISPANIC","<18","M","BLACK",1005386,235950,40.8142869440001,-73.92364456
"271",195013387,"2019-03-21T00:00:00.000","18:20:00","BRONX",40,2,"MULTI DWELL - PUBLIC HOUS","false","<18","M","WHITE HISPANIC","<18","M","BLACK",1005386,235950,40.8142869440001,-73.92364456
"272",195013385,"2019-03-21T00:00:00.000","04:07:00","BROOKLYN",75,0,"MULTI DWELL - APT BUILD","false","","","","25-44","M","BLACK",1018017,180049,40.660813449,-73.8782938529999
"273",195013384,"2019-03-21T00:00:00.000","03:20:00","BRONX",44,0,"","true","18-24","M","BLACK","25-44","M","BLACK HISPANIC",1007022,243322,40.834516921,-73.917709256
"274",194965392,"2019-03-20T00:00:00.000","21:36:00","QUEENS",105,0,"","false","","","","25-44","M","BLACK",1054771,188274,40.6831726990001,-73.745734613
"275",194915415,"2019-03-19T00:00:00.000","17:21:00","BROOKLYN",75,0,"","true","18-24","M","BLACK","18-24","M","BLACK",1017307,181828,40.6656990860001,-73.8808442059999
"276",194915415,"2019-03-19T00:00:00.000","17:21:00","BROOKLYN",75,0,"","true","25-44","M","BLACK","18-24","M","BLACK",1017307,181828,40.6656990860001,-73.8808442059999
"277",194859638,"2019-03-18T00:00:00.000","21:33:00","MANHATTAN",28,0,"MULTI DWELL - APT BUILD","false","","","","25-44","M","BLACK",995874,231986,40.803424497,-73.958014908
"278",194859637,"2019-03-18T00:00:00.000","20:08:00","MANHATTAN",23,2,"MULTI DWELL - PUBLIC HOUS","false","<18","M","BLACK","18-24","M","BLACK",1000655,228899,40.794943941,-73.9407532119999
"279",194859637,"2019-03-18T00:00:00.000","20:08:00","MANHATTAN",23,2,"MULTI DWELL - PUBLIC HOUS","false","<18","M","BLACK","18-24","M","BLACK HISPANIC",1000655,228899,40.794943941,-73.9407532119999
"280",194859637,"2019-03-18T00:00:00.000","20:08:00","MANHATTAN",23,2,"MULTI DWELL - PUBLIC HOUS","false","<18","M","BLACK","18-24","M","WHITE HISPANIC",1000655,228899,40.794943941,-73.9407532119999
"281",194817576,"2019-03-17T00:00:00.000","06:30:00","BRONX",47,0,"","false","25-44","M","BLACK","25-44","M","BLACK",1025737,261092,40.8832220900001,-73.8499681389999
"282",194817577,"2019-03-17T00:00:00.000","03:38:00","BROOKLYN",75,0,"","false","18-24","M","UNKNOWN","25-44","M","BLACK",1017019,185083,40.6746343980001,-73.881866507
"283",194817571,"2019-03-17T00:00:00.000","03:37:00","MANHATTAN",25,0,"","false","18-24","M","BLACK","18-24","M","BLACK",1001547,229776,40.797349368,-73.937529411
"284",194817578,"2019-03-16T00:00:00.000","13:30:00","QUEENS",113,0,"","false","25-44","U","UNKNOWN","25-44","M","BLACK",1046468,192314,40.694323792,-73.775634028
"285",194817575,"2019-03-16T00:00:00.000","09:24:00","BROOKLYN",79,2,"MULTI DWELL - PUBLIC HOUS","true","","","","45-64","M","BLACK",998160,193776,40.6985444110001,-73.949836781
"286",194817572,"2019-03-16T00:00:00.000","00:50:00","MANHATTAN",32,2,"MULTI DWELL - PUBLIC HOUS","true","","","","45-64","M","BLACK",998762,235107,40.8119865080001,-73.947576544
"287",194817574,"2019-03-15T00:00:00.000","11:50:00","QUEENS",112,1,"","false","25-44","M","BLACK","18-24","M","BLACK",1029239,201142,40.718658885,-73.83770523
"288",194817573,"2019-03-15T00:00:00.000","10:19:00","BROOKLYN",75,0,"","false","45-64","M","WHITE HISPANIC","25-44","M","BLACK HISPANIC",1012359,181228,40.664069312,-73.8986822479999
"289",194677549,"2019-03-13T00:00:00.000","21:17:00","STATEN ISLAND",122,0,"","true","18-24","M","WHITE","45-64","M","WHITE",953944,154834,40.5916161280001,-74.109121226
"290",194626071,"2019-03-12T00:00:00.000","23:34:00","BROOKLYN",77,0,"","false","","","","18-24","M","BLACK",1002251,183677,40.6708175900001,-73.9351100869999
"291",194626070,"2019-03-12T00:00:00.000","22:20:00","BROOKLYN",75,0,"","false","","","","18-24","M","BLACK",1019191,182199,40.6667101640001,-73.874051228
"292",194626069,"2019-03-12T00:00:00.000","08:21:00","BROOKLYN",73,2,"MULTI DWELL - PUBLIC HOUS","false","","","","45-64","F","BLACK",1006026,185469,40.6757277460001,-73.921495901
"293",194626068,"2019-03-12T00:00:00.000","01:00:00","BROOKLYN",73,0,"","false","25-44","M","BLACK","25-44","M","BLACK",1009653,183399,40.670036398,-73.908427866
"294",194570530,"2019-03-11T00:00:00.000","21:05:00","BROOKLYN",81,0,"","false","","","","45-64","M","BLACK",1006104,187792,40.682103662,-73.921207168
"295",194570529,"2019-03-11T00:00:00.000","16:30:00","BROOKLYN",81,0,"","false","18-24","M","BLACK","25-44","M","BLACK",1001181,189778,40.6875655630001,-73.9389519759999
"296",194570529,"2019-03-11T00:00:00.000","16:30:00","BROOKLYN",81,0,"","false","<18","M","UNKNOWN","25-44","M","BLACK",1001181,189778,40.6875655630001,-73.9389519759999
"297",194525845,"2019-03-10T00:00:00.000","22:30:00","BROOKLYN",79,2,"MULTI DWELL - PUBLIC HOUS","false","18-24","M","BLACK","18-24","M","BLACK",998314,192761,40.695758229,-73.949283518
"298",194525843,"2019-03-10T00:00:00.000","05:38:00","MANHATTAN",13,0,"","false","25-44","M","WHITE HISPANIC","45-64","M","BLACK",990300,209478,40.7416514880001,-73.978168769
"299",194525841,"2019-03-09T00:00:00.000","15:40:00","QUEENS",109,0,"","false","25-44","M","WHITE HISPANIC","18-24","M","WHITE HISPANIC",1032665,219163,40.7681038540001,-73.825216375
"300",194525841,"2019-03-09T00:00:00.000","15:40:00","QUEENS",109,0,"","false","25-44","M","WHITE HISPANIC","25-44","M","WHITE HISPANIC",1032665,219163,40.7681038540001,-73.825216375
"301",194527595,"2019-03-09T00:00:00.000","09:20:00","BRONX",42,0,"","false","","","","18-24","M","BLACK",1010697,241162,40.828578104,-73.904437269
"302",194527594,"2019-03-09T00:00:00.000","04:00:00","QUEENS",106,0,"BAR/NIGHT CLUB","false","25-44","M","WHITE HISPANIC","18-24","M","BLACK",1025542,187004,40.679871452,-73.851128675
"303",194525846,"2019-03-09T00:00:00.000","02:41:00","MANHATTAN",25,NA,"","false","UNKNOWN","M","BLACK","25-44","M","BLACK",1000472,230833,40.800252583,-73.941409462
"304",194525844,"2019-03-09T00:00:00.000","01:10:00","BRONX",41,0,"MULTI DWELL - APT BUILD","false","18-24","M","BLACK","25-44","M","BLACK HISPANIC",1012780,236449,40.8156357760001,-73.8969305539999
"305",194378288,"2019-03-06T00:00:00.000","20:29:00","BROOKLYN",62,0,"MULTI DWELL - APT BUILD","false","","","","25-44","M","WHITE",986543,157612,40.5992926980001,-73.991744317
"306",194324356,"2019-03-05T00:00:00.000","23:24:00","BROOKLYN",79,0,"","true","","","","25-44","M","WHITE HISPANIC",996757,190062,40.6883524340001,-73.954903418
"307",194324355,"2019-03-05T00:00:00.000","22:30:00","QUEENS",105,0,"","true","18-24","M","BLACK","25-44","M","BLACK",1049440,181649,40.665029492,-73.7650197689999
"308",194324354,"2019-03-05T00:00:00.000","20:04:00","BRONX",44,0,"GROCERY/BODEGA","false","","","","25-44","M","BLACK HISPANIC",1008093,245355,40.840094089,-73.9138317119999
"309",194269158,"2019-03-04T00:00:00.000","22:22:00","BROOKLYN",81,2,"MULTI DWELL - PUBLIC HOUS","false","<18","M","BLACK","<18","M","BLACK",1004899,187202,40.680487139,-73.925553583
"310",194232503,"2019-03-04T00:00:00.000","00:40:00","BRONX",45,0,"","false","25-44","M","BLACK","25-44","F","BLACK",1033217,254904,40.8661996350001,-73.82296281
"311",194226976,"2019-03-02T00:00:00.000","21:30:00","BROOKLYN",75,0,"","false","18-24","M","BLACK","<18","M","WHITE HISPANIC",1017036,183890,40.6713598200001,-73.881811023
"312",194226977,"2019-03-02T00:00:00.000","04:20:00","QUEENS",113,0,"","false","","","","18-24","M","BLACK",1041582,183607,40.6704581220001,-73.7933276859999
"313",194085122,"2019-02-28T00:00:00.000","02:18:00","MANHATTAN",23,2,"MULTI DWELL - PUBLIC HOUS","false","","","","18-24","M","BLACK",999211,229699,40.797142287,-73.945966574
"314",194085121,"2019-02-27T00:00:00.000","18:22:00","MANHATTAN",34,2,"MULTI DWELL - PUBLIC HOUS","false","","","","25-44","M","WHITE HISPANIC",1005232,253268,40.861820186,-73.924146734
"315",194032274,"2019-02-26T00:00:00.000","17:46:00","QUEENS",103,0,"PVT HOUSE","true","","","","45-64","M","ASIAN / PACIFIC ISLANDER",1043295,195411,40.7028460500001,-73.787049144
"316",194032590,"2019-02-26T00:00:00.000","16:23:00","BROOKLYN",60,0,"","false","<18","M","BLACK","18-24","F","WHITE HISPANIC",989383,149489,40.5769954900001,-73.981523609
"317",193982311,"2019-02-25T00:00:00.000","11:00:00","QUEENS",112,0,"","false","18-24","M","BLACK","<18","M","WHITE HISPANIC",1026312,207207,40.735320212,-73.848226348
"318",193939359,"2019-02-24T00:00:00.000","23:20:00","BRONX",44,2,"MULTI DWELL - PUBLIC HOUS","false","18-24","M","BLACK","25-44","M","BLACK",1008653,241755,40.8302116020001,-73.911820942
"319",193939355,"2019-02-24T00:00:00.000","00:10:00","BROOKLYN",73,0,"","false","","","","<18","F","BLACK",1009526,183374,40.6699681420001,-73.9088857739999
"320",193939355,"2019-02-24T00:00:00.000","00:10:00","BROOKLYN",73,0,"","false","","","","25-44","M","BLACK",1009526,183374,40.6699681420001,-73.9088857739999
"321",193939360,"2019-02-23T00:00:00.000","06:29:00","BRONX",43,2,"MULTI DWELL - PUBLIC HOUS","false","","","","45-64","M","BLACK",1026382,237309,40.8179418330001,-73.847785022
"322",193939354,"2019-02-23T00:00:00.000","00:27:00","MANHATTAN",32,0,"","false","","","","25-44","M","BLACK",1001775,235861,40.814050566,-73.9366900529999
"323",193938809,"2019-02-22T00:00:00.000","17:44:00","BROOKLYN",70,0,"MULTI DWELL - APT BUILD","true","18-24","M","BLACK","<18","M","BLACK",997703,171170,40.636496682,-73.951530002
"324",193939357,"2019-02-22T00:00:00.000","17:03:00","BROOKLYN",67,0,"","true","18-24","M","BLACK","18-24","M","BLACK",1008498,176354,40.6507026700001,-73.912616779
"325",193939358,"2019-02-22T00:00:00.000","15:30:00","QUEENS",101,0,"","false","<18","M","BLACK","45-64","F","WHITE HISPANIC",1050837,157878,40.5997729700001,-73.760218755
"326",193939358,"2019-02-22T00:00:00.000","15:30:00","QUEENS",101,0,"","false","<18","M","BLACK","18-24","M","BLACK",1050837,157878,40.5997729700001,-73.760218755
"327",193939356,"2019-02-22T00:00:00.000","05:51:00","QUEENS",109,0,"","false","25-44","M","ASIAN / PACIFIC ISLANDER","25-44","M","ASIAN / PACIFIC ISLANDER",1030152,213941,40.753784232,-73.834324297
"328",193939353,"2019-02-22T00:00:00.000","04:11:00","BRONX",46,0,"","false","","","","45-64","M","BLACK",1010969,248351,40.848308994,-73.90342578
"329",193779318,"2019-02-19T00:00:00.000","22:27:00","BROOKLYN",81,0,"GROCERY/BODEGA","false","25-44","F","BLACK","45-64","M","BLACK",1005118,185998,40.6771819190001,-73.92476773
"330",193779318,"2019-02-19T00:00:00.000","22:27:00","BROOKLYN",81,0,"GROCERY/BODEGA","false","25-44","M","BLACK","45-64","M","BLACK",1005118,185998,40.6771819190001,-73.92476773
"331",193733167,"2019-02-18T00:00:00.000","23:49:00","BRONX",40,0,"","false","","","","18-24","M","BLACK HISPANIC",1007951,238554,40.821427682,-73.9143689319999
"332",193732895,"2019-02-18T00:00:00.000","18:16:00","BRONX",47,0,"","false","45-64","M","BLACK","25-44","F","BLACK",1028857,263946,40.891040194,-73.838666007
"333",193694862,"2019-02-17T00:00:00.000","14:08:00","BROOKLYN",63,0,"","false","18-24","M","BLACK","18-24","M","BLACK",1006878,169152,40.6309390160001,-73.918479066
"334",193694863,"2019-02-17T00:00:00.000","03:00:00","QUEENS",114,2,"MULTI DWELL - PUBLIC HOUS","false","18-24","M","BLACK","25-44","M","BLACK",999484,214810,40.756275434,-73.9450143289999
"335",193694861,"2019-02-16T00:00:00.000","22:30:00","BRONX",52,0,"","false","25-44","M","WHITE HISPANIC","25-44","M","BLACK HISPANIC",1015040,256807,40.8715049,-73.888672345
"336",193602933,"2019-02-14T00:00:00.000","22:38:00","MANHATTAN",33,0,"","false","25-44","M","BLACK","25-44","M","BLACK",1000607,243285,40.834429577,-73.940891511
"337",193517125,"2019-02-12T00:00:00.000","18:10:00","QUEENS",102,0,"","false","25-44","M","BLACK","UNKNOWN","M","UNKNOWN",1032234,192287,40.694338305,-73.826964
"338",193517125,"2019-02-12T00:00:00.000","18:10:00","QUEENS",102,0,"","true","25-44","M","BLACK","UNKNOWN","M","UNKNOWN",1032234,192287,40.694338305,-73.826964
"339",193517125,"2019-02-12T00:00:00.000","18:10:00","QUEENS",102,0,"","false","25-44","M","BLACK","UNKNOWN","M","WHITE",1032234,192287,40.694338305,-73.826964
"340",193517125,"2019-02-12T00:00:00.000","18:10:00","QUEENS",102,0,"","true","25-44","M","BLACK","UNKNOWN","M","WHITE",1032234,192287,40.694338305,-73.826964
"341",193509769,"2019-02-12T00:00:00.000","11:00:00","BRONX",41,0,"","false","","","","25-44","M","BLACK",1011837,239059,40.822802482,-73.900326617
"342",193466266,"2019-02-12T00:00:00.000","02:34:00","QUEENS",109,0,"","true","","","","25-44","M","ASIAN / PACIFIC ISLANDER",1030259,213170,40.75166748,-73.83394337
"343",193462348,"2019-02-11T00:00:00.000","23:16:00","BROOKLYN",75,0,"PVT HOUSE","false","25-44","M","ASIAN / PACIFIC ISLANDER","25-44","F","BLACK HISPANIC",1020078,185188,40.6749107480001,-73.870838018
"344",193462347,"2019-02-11T00:00:00.000","08:50:00","BROOKLYN",75,0,"","false","<18","M","BLACK","<18","M","BLACK",1020930,185590,40.6760106570001,-73.867764291
"345",193418291,"2019-02-10T00:00:00.000","10:52:00","BRONX",42,0,"","false","25-44","M","BLACK","25-44","M","BLACK",1010697,241162,40.828578104,-73.904437269
"346",193418290,"2019-02-10T00:00:00.000","04:40:00","MANHATTAN",34,0,"","false","","","","25-44","M","BLACK HISPANIC",1007515,256198,40.869856423,-73.915883
"347",193418293,"2019-02-09T00:00:00.000","19:00:00","BRONX",49,2,"MULTI DWELL - PUBLIC HOUS","false","","","","<18","M","BLACK",1021316,253601,40.862681292,-73.86599763
"348",193418294,"2019-02-09T00:00:00.000","02:00:00","MANHATTAN",23,0,"","false","18-24","M","BLACK","18-24","M","BLACK",998391,229756,40.7973000860001,-73.94892806
"349",193417904,"2019-02-08T00:00:00.000","17:00:00","BRONX",40,0,"","true","18-24","M","BLACK","18-24","M","BLACK",1010201,237368,40.8181661240001,-73.906244198
"350",193417904,"2019-02-08T00:00:00.000","17:00:00","BRONX",40,0,"","true","<18","M","WHITE HISPANIC","18-24","M","BLACK",1010201,237368,40.8181661240001,-73.906244198
"351",193267668,"2019-02-06T00:00:00.000","22:26:00","BROOKLYN",81,0,"","false","","","","18-24","F","BLACK",1004228,186742,40.6792260830001,-73.9279741679999
"352",193267668,"2019-02-06T00:00:00.000","22:26:00","BROOKLYN",81,0,"","true","","","","18-24","F","BLACK",1004228,186742,40.6792260830001,-73.9279741679999
"353",193267668,"2019-02-06T00:00:00.000","22:26:00","BROOKLYN",81,0,"","false","","","","45-64","F","BLACK",1004228,186742,40.6792260830001,-73.9279741679999
"354",193267668,"2019-02-06T00:00:00.000","22:26:00","BROOKLYN",81,0,"","true","","","","45-64","F","BLACK",1004228,186742,40.6792260830001,-73.9279741679999
"355",193267668,"2019-02-06T00:00:00.000","22:26:00","BROOKLYN",81,0,"","false","","","","18-24","M","BLACK",1004228,186742,40.6792260830001,-73.9279741679999
"356",193267668,"2019-02-06T00:00:00.000","22:26:00","BROOKLYN",81,0,"","true","","","","18-24","M","BLACK",1004228,186742,40.6792260830001,-73.9279741679999
"357",193226256,"2019-02-06T00:00:00.000","04:52:00","BROOKLYN",90,2,"MULTI DWELL - PUBLIC HOUS","false","25-44","M","BLACK","25-44","M","BLACK HISPANIC",1001020,196400,40.7057417190001,-73.93951602
"358",193214568,"2019-02-05T00:00:00.000","12:03:00","QUEENS",101,0,"","false","18-24","M","BLACK","25-44","M","WHITE HISPANIC",1051960,160392,40.6066648550001,-73.756149603
"359",193162778,"2019-02-04T00:00:00.000","20:38:00","MANHATTAN",32,2,"MULTI DWELL - PUBLIC HOUS","false","","","","25-44","M","BLACK",998842,235649,40.813474015,-73.947286365
"360",193160951,"2019-02-04T00:00:00.000","13:40:00","BROOKLYN",79,2,"MULTI DWELL - PUBLIC HOUS","true","","","","25-44","M","BLACK",998286,189885,40.687864317,-73.9493904839999
"361",193160952,"2019-02-04T00:00:00.000","11:41:00","BROOKLYN",60,0,"","false","25-44","M","BLACK","45-64","F","BLACK",984147,150278,40.579162625,-74.000372232
"362",193160952,"2019-02-04T00:00:00.000","11:41:00","BROOKLYN",60,0,"","true","25-44","M","BLACK","45-64","F","BLACK",984147,150278,40.579162625,-74.000372232
"363",193160952,"2019-02-04T00:00:00.000","11:41:00","BROOKLYN",60,0,"","false","25-44","M","BLACK","45-64","M","BLACK",984147,150278,40.579162625,-74.000372232
"364",193160952,"2019-02-04T00:00:00.000","11:41:00","BROOKLYN",60,0,"","true","25-44","M","BLACK","45-64","M","BLACK",984147,150278,40.579162625,-74.000372232
"365",193118589,"2019-02-03T00:00:00.000","23:10:00","BROOKLYN",67,0,"","true","","","","25-44","M","BLACK",1003612,172783,40.640913077,-73.93023513
"366",193118591,"2019-02-03T00:00:00.000","12:43:00","QUEENS",115,1,"","true","18-24","M","WHITE HISPANIC","18-24","M","WHITE HISPANIC",1018475,211969,40.748424502,-73.876480843
"367",193118591,"2019-02-03T00:00:00.000","12:43:00","QUEENS",115,1,"","true","25-44","M","WHITE HISPANIC","18-24","M","WHITE HISPANIC",1018475,211969,40.748424502,-73.876480843
"368",193118596,"2019-02-02T00:00:00.000","19:40:00","MANHATTAN",23,0,"","false","18-24","M","WHITE HISPANIC","18-24","M","BLACK HISPANIC",999347,227795,40.7919160910001,-73.94547966
"369",193118593,"2019-02-02T00:00:00.000","00:45:00","QUEENS",113,0,"GROCERY/BODEGA","false","18-24","M","BLACK","25-44","M","ASIAN / PACIFIC ISLANDER",1040720,190569,40.689572726,-73.796376725
"370",193118593,"2019-02-02T00:00:00.000","00:45:00","QUEENS",113,0,"GROCERY/BODEGA","false","25-44","M","WHITE","25-44","M","ASIAN / PACIFIC ISLANDER",1040720,190569,40.689572726,-73.796376725
"371",193118592,"2019-02-01T00:00:00.000","19:57:00","MANHATTAN",25,0,"","false","25-44","M","BLACK HISPANIC","25-44","M","WHITE HISPANIC",999826,230239,40.7986233770001,-73.9437441169999
"372",193026088,"2019-01-31T00:00:00.000","18:45:00","QUEENS",105,0,"","false","","","","25-44","M","BLACK",1052230,179775,40.6598648140001,-73.754981974
"373",192978312,"2019-01-31T00:00:00.000","00:15:00","MANHATTAN",33,0,"","false","","","","18-24","M","BLACK HISPANIC",1000038,243153,40.8340683100001,-73.94294804
"374",192978312,"2019-01-31T00:00:00.000","00:15:00","MANHATTAN",33,0,"","true","","","","18-24","M","BLACK HISPANIC",1000038,243153,40.8340683100001,-73.94294804
"375",192978312,"2019-01-31T00:00:00.000","00:15:00","MANHATTAN",33,0,"","false","","","","25-44","M","WHITE HISPANIC",1000038,243153,40.8340683100001,-73.94294804
"376",192978312,"2019-01-31T00:00:00.000","00:15:00","MANHATTAN",33,0,"","true","","","","25-44","M","WHITE HISPANIC",1000038,243153,40.8340683100001,-73.94294804
"377",192974876,"2019-01-30T00:00:00.000","22:54:00","MANHATTAN",34,0,"","false","","","","18-24","M","UNKNOWN",1003851,250093,40.8531089360001,-73.9291486449999
"378",192974875,"2019-01-30T00:00:00.000","19:02:00","MANHATTAN",34,0,"","false","","","","25-44","M","BLACK HISPANIC",1003738,254096,40.8640962200001,-73.9295454749999
"379",192876454,"2019-01-28T00:00:00.000","20:36:00","BRONX",43,0,"GROCERY/BODEGA","false","","","","<18","M","BLACK",1023548,238402,40.8209548680001,-73.8580174089999
"380",192876454,"2019-01-28T00:00:00.000","20:36:00","BRONX",43,0,"GROCERY/BODEGA","false","","","","18-24","M","BLACK HISPANIC",1023548,238402,40.8209548680001,-73.8580174089999
"381",192876037,"2019-01-28T00:00:00.000","03:14:00","MANHATTAN",34,0,"","false","","","","25-44","M","BLACK",1006901,254647,40.865600998,-73.9181082599999
"382",192834302,"2019-01-27T00:00:00.000","10:44:00","QUEENS",113,0,"","false","18-24","M","BLACK","18-24","M","BLACK",1045308,188293,40.683295184,-73.779853585
"383",192834302,"2019-01-27T00:00:00.000","10:44:00","QUEENS",113,0,"","false","25-44","M","BLACK","18-24","M","BLACK",1045308,188293,40.683295184,-73.779853585
"384",192834300,"2019-01-26T00:00:00.000","20:55:00","BROOKLYN",83,0,"","true","18-24","M","BLACK","18-24","M","BLACK",1007922,189765,40.6875144200001,-73.9146454689999
"385",192834303,"2019-01-26T00:00:00.000","16:07:00","BROOKLYN",73,2,"MULTI DWELL - PUBLIC HOUS","false","25-44","M","BLACK","18-24","M","BLACK HISPANIC",1008228,183789,40.671110834,-73.913563363
"386",192834301,"2019-01-25T00:00:00.000","23:58:00","BROOKLYN",90,2,"MULTI DWELL - PUBLIC HOUS","false","25-44","M","BLACK","25-44","M","WHITE HISPANIC",1001438,194908,40.701645727,-73.9380122009999
"387",192834299,"2019-01-25T00:00:00.000","01:55:00","QUEENS",106,0,"","false","25-44","M","BLACK","45-64","F","ASIAN / PACIFIC ISLANDER",1033346,183414,40.669977885,-73.823018621
"388",192699974,"2019-01-24T00:00:00.000","00:42:00","BRONX",47,0,"","false","25-44","M","BLACK","25-44","M","BLACK",1021895,259481,40.8788176260001,-73.863871353
"389",192582052,"2019-01-21T00:00:00.000","21:30:00","BRONX",47,0,"","false","","","","18-24","M","BLACK",1023388,256742,40.871293429,-73.858488445
"390",192545751,"2019-01-20T00:00:00.000","15:10:00","BRONX",41,0,"","false","","","","25-44","M","WHITE HISPANIC",1013775,238190,40.82041106,-73.893328242
"391",192545414,"2019-01-19T00:00:00.000","22:25:00","BROOKLYN",94,2,"MULTI DWELL - PUBLIC HOUS","true","","","","25-44","M","BLACK",1000940,201183,40.7188700660001,-73.9397927039999
"392",192545747,"2019-01-19T00:00:00.000","19:30:00","MANHATTAN",23,0,"","false","","","","<18","M","WHITE HISPANIC",998811,229459,40.7964842210001,-73.94741178
"393",192545750,"2019-01-19T00:00:00.000","14:36:00","BRONX",43,0,"","false","","","","25-44","M","BLACK",1017982,240268,40.8260995140001,-73.878118011
"394",192545749,"2019-01-19T00:00:00.000","04:00:00","QUEENS",109,0,"","false","","","","25-44","M","BLACK",1030092,220250,40.771101097,-73.834497836
"395",192545749,"2019-01-19T00:00:00.000","04:00:00","QUEENS",109,0,"","true","","","","25-44","M","BLACK",1030092,220250,40.771101097,-73.834497836
"396",192545748,"2019-01-19T00:00:00.000","00:43:00","MANHATTAN",32,2,"MULTI DWELL - PUBLIC HOUS","true","","","","25-44","M","BLACK",1000001,238478,40.821236836,-73.943092722
"397",192545746,"2019-01-18T00:00:00.000","18:32:00","BRONX",40,0,"","false","","","","45-64","M","BLACK HISPANIC",1006920,235434,40.812866866,-73.918104507
"398",192440376,"2019-01-17T00:00:00.000","13:20:00","BROOKLYN",79,2,"MULTI DWELL - PUBLIC HOUS","true","","","","25-44","M","WHITE HISPANIC",995728,190315,40.689048255,-73.958613378
"399",192455949,"2019-01-17T00:00:00.000","13:18:00","BRONX",46,2,"","false","25-44","M","WHITE HISPANIC","<18","M","WHITE HISPANIC",1012007,250172,40.8533038950001,-73.8996663999999
"400",192301916,"2019-01-14T00:00:00.000","17:10:00","BROOKLYN",75,0,"","false","18-24","M","BLACK","18-24","M","BLACK",1017640,182557,40.667698779,-73.879640265
"401",192301916,"2019-01-14T00:00:00.000","17:10:00","BROOKLYN",75,0,"","false","25-44","M","BLACK","18-24","M","BLACK",1017640,182557,40.667698779,-73.879640265
"402",192301917,"2019-01-14T00:00:00.000","11:55:00","BROOKLYN",75,0,"PVT HOUSE","false","45-64","F","BLACK","25-44","M","BLACK",1015806,183889,40.671361545,-73.8862450569999
"403",192301917,"2019-01-14T00:00:00.000","11:55:00","BROOKLYN",75,0,"PVT HOUSE","false","25-44","M","BLACK","25-44","M","BLACK",1015806,183889,40.671361545,-73.8862450569999
"404",192258908,"2019-01-13T00:00:00.000","22:11:00","QUEENS",113,0,"","false","","","","25-44","M","BLACK",1051144,193463,40.697443411,-73.7587603429999
"405",192258908,"2019-01-13T00:00:00.000","22:11:00","QUEENS",113,0,"","true","","","","25-44","M","BLACK",1051144,193463,40.697443411,-73.7587603429999
"406",192259536,"2019-01-13T00:00:00.000","19:55:00","MANHATTAN",32,0,"","false","","","","45-64","M","BLACK",1000486,235640,40.8134464450001,-73.941347271
"407",192258906,"2019-01-13T00:00:00.000","13:35:00","BROOKLYN",77,2,"MULTI DWELL - PUBLIC HOUS","true","","","","25-44","M","BLACK",1004594,185427,40.675615872,-73.926658587
"408",192259533,"2019-01-13T00:00:00.000","06:00:00","BROOKLYN",70,0,"","false","","","","25-44","M","BLACK",996079,174395,40.6453509340001,-73.957375653
"409",192258907,"2019-01-13T00:00:00.000","04:00:00","BROOKLYN",79,0,"","false","","","","25-44","M","BLACK",998234,186890,40.679643807,-73.949584202
"410",192259535,"2019-01-12T00:00:00.000","05:47:00","QUEENS",109,0,"PVT HOUSE","false","18-24","M","WHITE","18-24","F","BLACK HISPANIC",1038778,216009,40.759411366,-73.803173225
"411",192259537,"2019-01-12T00:00:00.000","05:24:00","BROOKLYN",79,0,"","false","","","","25-44","F","BLACK",1001291,186474,40.678496625,-73.938563695
"412",192259534,"2019-01-11T00:00:00.000","15:15:00","BRONX",46,0,"MULTI DWELL - APT BUILD","false","","","","18-24","M","WHITE HISPANIC",1009356,247701,40.84652967,-73.9092583889999
"413",192159800,"2019-01-11T00:00:00.000","01:30:00","BROOKLYN",69,2,"MULTI DWELL - PUBLIC HOUS","false","","","","25-44","M","BLACK",1012853,176538,40.651194715,-73.896921514
"414",192059857,"2019-01-09T00:00:00.000","05:43:00","BRONX",47,0,"","true","25-44","M","BLACK","25-44","M","BLACK",1024819,260118,40.880553036,-73.8532938819999
"415",192049864,"2019-01-08T00:00:00.000","11:03:00","BROOKLYN",73,0,"","false","","","","25-44","M","BLACK",1006411,182794,40.668384517,-73.920116717
"416",191997175,"2019-01-08T00:00:00.000","00:32:00","BRONX",42,0,"","false","18-24","M","BLACK","18-24","M","WHITE HISPANIC",1010106,241483,40.8294609060001,-73.906571562
"417",191997175,"2019-01-08T00:00:00.000","00:32:00","BRONX",42,0,"","false","18-24","M","WHITE HISPANIC","18-24","M","WHITE HISPANIC",1010106,241483,40.8294609060001,-73.906571562
"418",193118595,"2019-01-07T00:00:00.000","19:30:00","QUEENS",107,0,"","false","","","","25-44","M","BLACK",1034880,204404,40.7275817830001,-73.817331039
"419",191995443,"2019-01-07T00:00:00.000","19:19:00","BRONX",48,2,"MULTI DWELL - PUBLIC HOUS","true","25-44","M","BLACK","25-44","M","BLACK",1017483,245763,40.8411835850001,-73.8798938159999
"420",191951586,"2019-01-06T00:00:00.000","23:36:00","BROOKLYN",60,2,"MULTI DWELL - PUBLIC HOUS","false","","","","25-44","M","BLACK",986481,148626,40.574627929,-73.991970544
"421",191951588,"2019-01-06T00:00:00.000","03:00:00","BRONX",43,2,"MULTI DWELL - PUBLIC HOUS","true","","","","25-44","M","WHITE HISPANIC",1021283,238581,40.8214559580001,-73.866199874
"422",191949900,"2019-01-06T00:00:00.000","02:46:00","BRONX",41,0,"","false","","","","45-64","M","BLACK HISPANIC",1013902,238673,40.8217363320001,-73.8928672599999
"423",191951587,"2019-01-05T00:00:00.000","16:00:00","QUEENS",114,2,"MULTI DWELL - PUBLIC HOUS","false","","","","18-24","M","BLACK",1002652,215969,40.759450567,-73.933576266
"424",191949902,"2019-01-05T00:00:00.000","01:50:00","BRONX",43,0,"","false","","","","45-64","M","BLACK",1025519,242145,40.831219337,-73.850873158
"425",191951589,"2019-01-05T00:00:00.000","00:42:00","STATEN ISLAND",120,0,"","false","","","","<18","M","BLACK HISPANIC",951319,171306,40.6368189670001,-74.118653127
"426",191949899,"2019-01-04T00:00:00.000","15:49:00","BROOKLYN",61,2,"","false","<18","M","BLACK","<18","M","BLACK",1000639,157279,40.598363825,-73.940985252
"427",191853461,"2019-01-04T00:00:00.000","02:20:00","BROOKLYN",60,0,"MULTI DWELL - APT BUILD","false","18-24","M","BLACK","45-64","M","BLACK",986229,148311,40.5737633750001,-73.992877757
"428",191851038,"2019-01-03T00:00:00.000","23:00:00","STATEN ISLAND",121,0,"","false","","","","18-24","M","BLACK",939054,166916,40.62471527,-74.162814915
"429",191851037,"2019-01-03T00:00:00.000","21:00:00","BRONX",49,0,"","false","","","","25-44","M","BLACK",1024472,256716,40.871217194,-73.8545691419999
"430",191790873,"2019-01-02T00:00:00.000","13:34:00","BROOKLYN",79,2,"MULTI DWELL - PUBLIC HOUS","false","","","","25-44","M","WHITE HISPANIC",999653,193642,40.69817414,-73.944452772
"431",191739125,"2019-01-01T00:00:00.000","05:40:00","BROOKLYN",88,2,"MULTI DWELL - PUBLIC HOUS","false","","","","18-24","M","BLACK",991148,192533,40.695140908,-73.975125947
"432",191709964,"2019-01-01T00:00:00.000","04:26:00","BROOKLYN",75,2,"MULTI DWELL - PUBLIC HOUS","true","","","","25-44","M","BLACK",1021382,181825,40.6656747000001,-73.866155503
"433",191739126,"2019-01-01T00:00:00.000","02:19:00","BRONX",46,2,"MULTI DWELL - APT BUILD","false","25-44","M","BLACK HISPANIC","25-44","M","BLACK",1013072,251276,40.856330633,-73.895811931
